"Year","Duration","Rating","Review","Budget","Collection","Drama","Crime","Action","Biography","History","Adventure","Western","Romance","Sci-Fi","Fantasy","Mystery","Family","Thriller","War","Comedy","Animation","Music","Horror","Film-Noir","Musical","Sport","Net_income","Profitable","Duration_z-score","Rating_z-score","Review_z-score","Budget_z-score","Collection_z-score","Net_income_z-score"
1994,142,9.3,2900000,25000000,28905764,"1","0","0","0","0","0","0","0","0","0","0","0","0","0","0","0","0","0","0","0","0",3905764,"0",0.397811065405132,4.17191422770997,3.9547870048826,0.0408793821072568,-0.685043198547868,-0.772688467143663
1972,175,9.2,2000000,6000000,250342030,"1","1","0","0","0","0","0","0","0","0","0","0","0","0","0","0","0","0","0","0","0",244342030,"1",1.50098460812524,3.74982658832207,2.3411941479625,-0.625918142751096,0.564416021969276,0.743010084750343
2008,152,9,2900000,93000000,538375067,"1","1","1","0","0","0","0","0","0","0","0","0","0","0","0","0","0","0","0","0","0",445375067,"1",0.73210607835062,2.90565130954628,3.9547870048826,2.42731262896873,2.1896490535505,2.01031259336505
1974,202,9,1400000,13000000,47962897,"1","1","0","0","0","0","0","0","0","0","0","0","0","0","0","0","0","0","0","0","0",34962897,"1",2.40358114307806,2.90565130954628,1.26546557668244,-0.38025589675065,-0.577512887575809,-0.576905807991572
1957,96,9,862000,350000,2667,"1","1","0","0","0","0","0","0","0","0","0","0","0","0","0","0","0","0","0","0","0",-347333,"0",-1.13994599414412,2.90565130954628,0.300895624434651,-0.824202669880028,-0.848129587694944,-0.799499784218288
1993,195,9,1400000,22000000,322161245,"1","0","0","1","1","0","0","0","0","0","0","0","0","0","0","0","0","0","0","0","0",300161245,"1",2.16957463401622,2.90565130954628,1.26546557668244,-0.06440443760722,0.96965759333886,1.09489170706501
2003,201,9,2000000,94000000,426076293,"1","0","1","0","0","1","0","0","0","0","0","0","0","0","0","0","0","0","0","0","0",332076293,"1",2.37015164178351,2.90565130954628,2.3411941479625,2.46240723554022,1.55600064011911,1.29608262074035
1994,154,8.9,2200000,8000000,213928762,"1","1","0","0","0","0","0","0","0","0","0","0","0","0","0","0","0","0","0","0","0",205928762,"1",0.798965080939718,2.48356367015838,2.69977033838919,-0.555728929608112,0.358953320336826,0.500854707569779
2001,178,8.9,2000000,93000000,465387186,"1","0","1","0","0","1","0","0","0","0","0","0","0","0","0","0","0","0","0","0","0",372387186,"1",1.60127311200889,2.48356367015838,2.3411941479625,2.42731262896873,1.77781325741466,1.55020053382445
1966,182,8.8,810000,1200000,25259657,"0","0","0","0","0","1","1","0","0","0","0","0","0","0","0","0","0","0","0","0","0",24059657,"1",1.73499111718709,2.06147603077049,0.207665814923712,-0.794372254294259,-0.705616441099484,-0.645639303790217
1994,142,8.8,2300000,55000000,678226465,"1","0","0","0","0","0","0","1","0","0","0","0","0","0","0","0","0","0","0","0","0",623226465,"1",0.397811065405132,2.06147603077049,2.87905843360254,1.09371757925202,2.97876378118645,3.13147917478636
2002,179,8.8,1800000,94000000,465387186,"1","0","1","0","0","1","0","0","0","0","0","0","0","0","0","0","0","0","0","0","0",371387186,"1",1.63470261330344,2.06147603077049,1.98261795753582,2.46240723554022,1.77781325741466,1.54389658235694
1999,139,8.8,2300000,63000000,101320107,"1","0","0","0","0","0","0","0","0","0","0","0","0","0","0","0","0","0","0","0","0",38320107,"0",0.297522561521485,2.06147603077049,2.87905843360254,1.37447443182396,-0.276443603759537,-0.555742119085323
2010,148,8.8,2500000,93000000,426076293,"0","0","1","0","0","1","0","0","1","0","0","0","0","0","0","0","0","0","0","0","0",333076293,"1",0.598388073172425,2.06147603077049,3.23763462402922,2.42731262896873,1.55600064011911,1.30238657220786
1980,124,8.7,1400000,18000000,538375067,"0","0","1","0","0","1","0","0","0","1","0","0","0","0","0","0","0","0","0","0","0",520375067,"1",-0.203919957896748,1.63938839138259,1.26546557668244,-0.204782863893189,2.1896490535505,2.48310895342852
2024,166,8.8,325000,13000000,303723636,"1","0","1","0","0","1","0","0","0","0","0","0","0","0","0","0","0","0","0","0","0",290723636,"1",1.2001190964743,2.06147603077049,-0.661881446861006,-0.38025589675065,0.865622960776279,1.03539747795965
1999,136,8.7,2000000,63000000,467623299,"0","0","1","0","0","0","0","0","1","0","0","0","0","0","0","0","0","0","0","0","0",404623299,"1",0.197234057637838,1.63938839138259,2.3411941479625,1.37447443182396,1.7904305764132,1.75341542567771
1990,145,8.7,1300000,25000000,47049784,"1","1","0","1","0","0","0","0","0","0","0","0","0","0","0","0","0","0","0","0","0",22049784,"0",0.498099569288778,1.63938839138259,1.0861774814691,0.0408793821072568,-0.582665148665797,-0.658309445638081
1975,133,8.7,1100000,3000000,109114987,"1","0","0","0","0","0","0","0","0","0","0","0","0","0","0","0","0","0","0","0","0",106114987,"1",0.0969455537541919,1.63938839138259,0.727601291042409,-0.731201962465573,-0.232460814197755,-0.128366485819467
1995,127,8.6,1800000,33000000,327333559,"1","1","0","0","0","0","0","0","0","0","1","0","0","0","0","0","0","0","0","0","0",294333559,"1",-0.103631454013101,1.21730075199469,1.98261795753582,0.321636234679195,0.998842493967151,1.0581542573531
2014,169,8.7,2100000,93000000,375325692,"1","0","0","0","0","1","0","0","1","0","0","0","0","0","0","0","0","0","0","0","0",282325692,"1",1.30040760035795,1.63938839138259,2.52048224317585,2.42731262896873,1.26963920749706,0.982457246556754
1946,130,8.6,498000,3180000,9767242,"1","0","0","0","0","0","0","0","0","1","0","1","0","0","0","0","0","0","0","0","0",6587242,"1",-0.0033429501294547,1.21730075199469,-0.351713042141921,-0.724884933282705,-0.793032748823116,-0.75578455997046
1954,207,8.6,366000,800000,346258,"1","0","1","0","0","0","0","0","0","0","0","0","0","0","0","0","0","0","0","0","0",-453742,"0",2.57072864955081,1.21730075199469,-0.588373327823535,-0.808410096922856,-0.846190867580161,-0.800170581389994
1991,118,8.6,1500000,19000000,272742922,"1","1","0","0","0","0","0","0","0","0","0","0","1","0","0","0","0","0","0","0","0",253742922,"1",-0.404496965664041,1.21730075199469,1.44475367189578,-0.169688257321697,0.690813569953619,0.802272851669673
1998,169,8.6,1500000,70000000,482351251,"1","0","0","0","0","0","0","0","0","0","0","0","0","1","0","0","0","0","0","0","0",412351251,"1",1.30040760035795,1.21730075199469,1.44475367189578,1.62013667782441,1.8735333840885,1.80213206002898
2002,130,8.6,799000,181500,30680793,"1","1","0","0","0","0","0","0","0","0","0","0","0","0","0","0","0","0","0","0","0",30499293,"1",-0.0033429501294547,1.21730075199469,0.187944124450244,-0.830116111087324,-0.675027556617132,-0.605044150977768
1997,116,8.6,742000,20000000,230099013,"1","0","0","0","0","0","0","1","0","0","0","0","0","0","1","0","0","0","0","0","0",210099013,"1",-0.471355968253139,1.21730075199469,0.0857499101786381,-0.134593650750205,0.450194333270211,0.527143767481126
1999,189,8.6,1400000,60000000,286801374,"1","1","0","0","0","0","0","0","0","1","0","0","0","0","0","0","0","0","0","0","0",226801374,"1",1.96899762624893,1.21730075199469,1.26546557668244,1.26919061210949,0.770138708490762,0.632434640618005
1991,137,8.6,1200000,102000000,520881154,"0","0","1","0","0","1","0","0","1","0","0","0","0","0","0","0","0","0","0","0","0",418881154,"1",0.230663558932387,1.21730075199469,0.906889386255753,2.74316408811216,2.09093924735834,1.84329625162855
1977,121,8.6,1400000,11000000,272742922,"0","0","1","0","0","1","0","0","0","1","0","0","0","0","0","0","0","0","0","0","0",261742922,"1",-0.304208461780394,1.21730075199469,1.26546557668244,-0.450445109893635,0.690813569953619,0.852704463409775
1985,116,8.5,1300000,19000000,106285522,"0","0","0","0","0","1","0","0","1","0","0","0","0","0","1","0","0","0","0","0","0",87285522,"1",-0.471355968253139,0.795213112606796,1.0861774814691,-0.169688257321697,-0.248426135494225,-0.247066519338698
2001,125,8.6,847000,19000000,357561772,"0","0","0","0","0","1","0","0","0","0","0","1","0","0","0","1","0","0","0","0","0",338561772,"1",-0.170490456602199,1.21730075199469,0.274002410152649,-0.169688257321697,1.16940588060142,1.33696676559992
2002,150,8.5,910000,35000000,120098565,"1","0","0","1","0","0","0","0","0","0","0","0","0","0","0","0","1","0","0","0","0",85098565,"1",0.665247075761523,0.795213112606796,0.386953910137056,0.391825447822179,-0.170485722880197,-0.260852990128236
2019,132,8.5,954000,11400000,262099264,"1","0","0","0","0","0","0","0","0","0","0","0","1","0","0","0","0","0","0","0","0",250699264,"1",0.063516052459643,0.795213112606796,0.465840672030927,-0.436407267265038,0.630756485048967,0.783085779353965
1960,109,8.5,717000,806947,32060008,"0","0","0","0","0","0","0","0","0","0","1","0","1","0","0","0","0","1","0","0","0",31253061,"1",-0.705362477314981,0.795213112606796,0.0409278863753021,-0.808166294691004,-0.667245304279,-0.600292434088004
2023,140,8.6,365000,90000000,690897910,"0","0","1","0","0","1","0","0","0","0","0","0","0","0","0","1","0","0","0","0","0",600897910,"1",0.330952062816034,1.21730075199469,-0.590166208775668,2.32202880925425,3.05026270084637,2.99072104772667
2000,155,8.5,1600000,103000000,465387186,"1","0","1","0","0","1","0","0","0","0","0","0","0","0","0","0","0","0","0","0","0",362387186,"1",0.832394582234267,0.795213112606796,1.62404176710913,2.77825869468365,1.77781325741466,1.48716101914932
1994,88,8.5,1100000,45000000,134686457,"1","0","0","0","0","1","0","0","0","0","0","0","0","0","0","1","0","0","0","0","0",89686457,"1",-1.40738200450051,0.795213112606796,0.727601291042409,0.742771513537102,-0.0881732069741151,-0.231931141622045
1994,110,8.5,1200000,18890015,19570198,"1","1","1","0","0","0","0","0","0","0","0","0","0","0","0","0","0","0","0","0","0",680183,"0",-0.671932976020432,0.795213112606796,0.906889386255753,-0.173548137625462,-0.737719344276619,-0.793022373222195
2006,151,8.5,1400000,90000000,291481358,"1","1","0","0","0","0","0","0","0","0","0","0","1","0","0","0","0","0","0","0","0",201481358,"1",0.698676577056071,0.795213112606796,1.26546557668244,2.32202880925425,0.796545625778072,0.472818488597357
1998,119,8.5,1200000,20000000,23875714,"1","1","0","0","0","0","0","0","0","0","0","0","0","0","0","0","0","0","0","0","0",3875714,"0",-0.371067464369492,0.795213112606796,0.906889386255753,-0.134593650750205,-0.713425371286286,-0.772877900885262
2014,106,8.5,985000,3300000,49449489,"1","0","0","0","0","0","0","0","0","0","0","0","0","0","0","0","1","0","0","0","0",46149489,"1",-0.805650981198627,0.795213112606796,0.521419981547064,-0.720673580494125,-0.569124758047166,-0.506386074936705
2006,130,8.5,1400000,40000000,109676311,"1","0","0","0","0","0","0","0","1","0","1","0","0","0","0","0","0","0","0","0","0",69676311,"1",-0.0033429501294547,0.795213112606796,1.26546557668244,0.567298480679641,-0.229293530625978,-0.358074130863891
1988,89,8.5,309000,3700000,519421,"1","0","0","0","0","0","0","0","0","0","0","0","0","1","0","1","0","0","0","0","0",-3180579,"0",-1.37395250320596,0.795213112606796,-0.690567542095141,-0.706635737865528,-0.845213791372588,-0.817360429497813
1962,133,8.6,68000,3000000,15222,"1","0","1","0","0","0","0","0","0","0","1","0","0","0","0","0","0","0","0","0","0",-2984778,"0",0.0969455537541919,1.21730075199469,-1.1226518515593,-0.731201962465573,-0.848058745818873,-0.816126109496522
1995,106,8.5,1100000,6000000,23341568,"1","1","0","0","0","0","0","0","0","0","1","0","0","0","0","0","0","0","0","0","0",17341568,"1",-0.805650981198627,0.795213112606796,0.727601291042409,-0.625918142751096,-0.71643930236839,-0.687989810800648
1942,102,8.5,605000,950000,4656207,"1","0","0","0","0","0","0","1","0","0","0","0","0","1","0","0","0","0","0","0","0",3706207,"1",-0.939368986376823,0.795213112606796,-0.159874780263643,-0.803145905937132,-0.821871881285438,-0.773946464786666
2011,112,8.5,927000,10260000,426590315,"1","0","0","0","0","0","0","0","0","0","0","0","0","0","1","0","0","0","0","0","0",416330315,"1",-0.605073973431334,0.795213112606796,0.417432886323324,-0.476415118756539,1.55890102106867,1.82721588637111
1988,174,8.5,282000,5000000,13020497,"1","0","0","0","0","0","0","1","0","0","0","0","0","0","0","0","0","0","0","0","0",8020497,"1",1.4675551068307,0.795213112606796,-0.738975327802744,-0.661012749322589,-0.774676182711025,-0.74674939000989
1936,87,8.5,259000,1500000,463618,"1","0","0","0","0","0","0","1","0","0","0","0","0","0","1","0","0","0","0","0","0",-1036382,"0",-1.44081150579506,0.795213112606796,-0.780211589701813,-0.783843872322811,-0.845528661082694,-0.803843515673026
1954,112,8.5,521000,1000000,5014000,"0","0","0","0","0","0","0","0","0","0","1","0","1","0","0","0","0","0","0","0","0",4014000,"1",-0.605073973431334,0.795213112606796,-0.310476780242852,-0.801391175608558,-0.819853026059228,-0.772006152652626
1968,166,8.5,349000,5000000,5435312,"0","0","0","0","0","0","1","0","0","0","0","0","0","0","0","0","0","0","0","0","0",435312,"0",1.2001190964743,0.795213112606796,-0.618852304009803,-0.661012749322589,-0.817475763415562,-0.794566028121996
1979,117,8.5,948000,11000000,106285522,"0","0","0","0","0","0","0","0","1","0","0","0","0","0","0","0","0","1","0","0","0",95285522,"1",-0.43792646695859,0.795213112606796,0.455083386318127,-0.450445109893635,-0.248426135494225,-0.196634907598596
1931,87,8.5,196000,1500000,972212,"1","0","0","0","0","0","0","1","0","0","0","0","0","0","1","0","0","0","0","0","0",-527788,"0",-1.44081150579506,0.795213112606796,-0.893163089686219,-0.783843872322811,-0.842658907747892,-0.800637363780358
1979,147,8.4,709000,31500000,104911478,"1","0","0","0","0","0","0","0","0","0","1","0","0","1","0","0","0","0","0","0","0",73411478,"1",0.564958571877876,0.373125473218901,0.0265848387582346,0.268994324821957,-0.256179210346003,-0.334527819372836
2012,165,8.5,1700000,100000000,426076293,"1","0","0","0","0","0","1","0","0","0","0","0","0","0","0","0","0","0","0","0","0",326076293,"1",1.16668959517976,0.795213112606796,1.80332986232247,2.67297487496918,1.55600064011911,1.25825891193527
2000,113,8.4,1300000,9000000,40047236,"0","0","0","0","0","0","0","0","0","0","1","0","1","0","0","0","0","0","0","0","0",31047236,"1",-0.571644472136785,0.373125473218901,1.0861774814691,-0.520634323036619,-0.622177186706187,-0.601589944898805
2023,147,9,109000,7300000,138288,"1","0","0","1","0","0","0","0","0","0","0","0","0","0","0","0","0","0","0","0","0",-7161712,"0",0.564958571877876,2.90565130954628,-1.04914373252183,-0.580295154208156,-0.847364343085257,-0.842457298715526
2008,98,8.4,1200000,30000000,521320168,"0","0","0","0","0","1","0","0","0","0","0","1","0","0","0","1","0","0","0","0","0",491320168,"1",-1.07308699155502,0.373125473218901,0.906889386255753,0.216352414964718,2.09341639394388,2.29994828023903
1981,115,8.4,1000000,18000000,389925971,"0","0","1","0","0","1","0","0","0","0","0","0","0","0","0","0","0","0","0","0","0",371925971,"1",-0.504785469547688,0.373125473218901,0.548313195829065,-0.204782863893189,1.35202161733535,1.54729305684836
2006,137,8.4,409000,2000000,77357476,"1","0","0","0","0","0","0","0","0","0","1","0","1","0","0","0","0","0","0","0","0",75357476,"1",0.230663558932387,0.373125473218901,-0.511279446881797,-0.766296569037065,-0.411653299947242,-0.322260342424959
1950,110,8.4,236000,1752000,304474,"1","0","0","0","0","0","0","0","0","0","0","0","0","0","0","0","0","0","1","0","0",-1447526,"0",-0.671932976020432,0.373125473218901,-0.821447851600882,-0.775000031466795,-0.846426634760547,-0.806435347495185
1957,88,8.4,212000,935000,304474,"1","0","0","0","0","0","0","0","0","0","0","0","0","1","0","0","0","0","0","0","0",-630526,"0",-1.40738200450051,0.373125473218901,-0.864476994452084,-0.803672325035705,-0.846426634760547,-0.801285019146227
2018,149,8.4,1200000,93000000,384298736,"0","0","1","0","0","1","0","0","1","0","0","0","0","0","0","0","0","0","0","0","0",291298736,"1",0.631817574466974,0.373125473218901,0.906889386255753,2.42731262896873,1.32026981450841,1.03902288044861
2018,117,8.4,669000,90000000,384298736,"0","0","1","0","0","1","0","0","0","0","0","0","0","0","0","1","0","0","0","0","0",294298736,"1",-0.43792646695859,0.373125473218901,-0.0451303993271029,2.32202880925425,1.32026981450841,1.05793473485115
1957,116,8.4,138000,3000000,7693,"1","1","0","0","0","0","0","0","0","0","1","0","0","0","0","0","0","0","0","0","0",-2992307,"0",-0.471355968253139,0.373125473218901,-0.997150184909959,-0.731201962465573,-0.848101228374424,-0.816173571947121
1980,146,8.4,1100000,19000000,131060248,"1","0","0","0","0","0","0","0","0","0","0","0","0","0","0","0","0","1","0","0","0",112060248,"1",0.531529070583327,0.373125473218901,0.727601291042409,-0.169688257321697,-0.108634174603384,-0.0908878490137699
1940,125,8.4,237000,2000000,972212,"1","0","0","0","0","0","0","0","0","0","0","0","0","1","1","0","0","0","0","0","0",-1027788,"0",-0.170490456602199,0.373125473218901,-0.819654970648748,-0.766296569037065,-0.842658907747892,-0.803789339514114
1986,137,8.4,761000,18500000,131060248,"0","0","1","0","0","1","0","0","1","0","0","0","0","0","0","0","0","0","0","0","0",112560248,"1",0.230663558932387,0.373125473218901,0.119814648269173,-0.187235560607443,-0.108634174603384,-0.0877358732800134
2009,153,8.4,1600000,70000000,321458605,"1","0","0","0","0","1","0","0","0","0","0","0","0","1","0","0","0","0","0","0","0",251458605,"1",0.765535579645169,0.373125473218901,1.62404176710913,1.62013667782441,0.965692930988998,0.787872628165258
2012,164,8.4,1800000,93000000,380418444,"1","0","1","0","0","0","0","0","0","0","0","0","1","0","0","0","0","0","0","0","0",287418444,"1",1.13326009388521,0.373125473218901,1.98261795753582,2.42731262896873,1.29837517771166,1.01456170800083
1964,95,8.4,517000,1800000,2010042,"0","0","0","0","0","0","0","0","0","0","0","0","0","1","1","0","0","0","0","0","0",210042,"0",-1.17337549543866,0.373125473218901,-0.317648304051386,-0.773315490351364,-0.83680292811884,-0.795986119269083
1999,122,8.3,1200000,15000000,356296601,"1","0","0","0","0","0","0","0","0","0","0","0","0","0","0","0","0","0","0","0","0",341296601,"1",-0.270778960485846,-0.0489621661689943,0.906889386255753,-0.310066683607666,1.16226712415454,1.35420699488787
2003,120,8.3,634000,3000000,17542965,"1","0","1","0","0","0","0","0","0","0","1","0","0","0","0","0","0","0","0","0","0",14542965,"1",-0.337637963074943,-0.0489621661689943,-0.107881232651773,-0.731201962465573,-0.74915805307415,-0.705632068289484
2017,105,8.4,588000,40000000,134686457,"1","0","0","0","0","1","0","0","0","0","0","0","0","0","0","1","0","0","0","0","0",94686457,"1",-0.839080482493176,0.373125473218901,-0.190353756449911,0.567298480679641,-0.0881732069741151,-0.200411384284481
1984,160,8.4,427000,18000000,52068956,"1","0","0","1","0","0","0","0","0","0","0","0","0","0","0","0","1","0","0","0","0",34068956,"1",0.999542088707011,0.373125473218901,-0.479007589743395,-0.204782863893189,-0.554344355292405,-0.582541168670392
1995,81,8.3,1100000,30000000,394436586,"0","0","0","0","0","1","0","0","0","0","0","0","0","0","1","1","0","0","0","0","0",364436586,"1",-1.64138851356235,-0.0489621661689943,0.727601291042409,0.216352414964718,1.37747286614729,1.50008033728685
1981,149,8.4,264000,57600,20929648,"1","0","0","0","0","0","0","0","0","0","0","0","0","1","0","0","0","0","0","0","0",20872048,"1",0.631817574466974,0.373125473218901,-0.771247184941146,-0.834464332841532,-0.730048616405277,-0.665733836223624
1995,178,8.3,1100000,72000000,213216216,"1","0","0","1","0","0","0","0","0","0","0","0","0","1","0","0","0","0","0","0","0",141216216,"1",1.60127311200889,-0.0489621661689943,0.727601291042409,1.69032589096739,0.354932763154279,0.0929099582465874
2019,181,8.4,1300000,55000000,321458605,"1","0","1","0","0","1","0","0","0","0","0","0","0","0","0","0","0","0","0","0","0",266458605,"1",1.70156161589254,0.373125473218901,1.0861774814691,1.09371757925202,0.965692930988998,0.882431900177951
2019,122,8.4,1500000,55000000,134686457,"1","1","0","0","0","0","0","0","0","0","0","0","1","0","0","0","0","0","0","0","0",79686457,"1",-0.270778960485846,0.373125473218901,1.44475367189578,1.09371757925202,-0.0881732069741151,-0.294970656297174
1997,134,8.3,433000,15360000,170203834,"0","0","1","0","0","1","0","0","0","0","0","0","0","0","0","1","0","0","0","0","0",154843834,"1",0.130375055048741,-0.0489621661689943,-0.468250304030594,-0.297432625241929,0.112234409099187,0.178817800736392
1997,126,8.3,1100000,10000000,225933435,"0","0","0","0","0","0","0","1","0","0","0","0","0","0","1","0","0","0","0","0","0",215933435,"1",-0.13706095530765,-0.0489621661689943,0.727601291042409,-0.485539716465127,0.42668996366129,0.563923680610115
2016,106,8.4,319000,2368000,382238191,"1","0","0","0","0","0","0","0","0","1","0","0","0","0","0","1","0","0","0","0","0",379870191,"1",-0.805650981198627,0.373125473218901,-0.672638732573806,-0.753381753818756,1.30864314198522,1.59737303417561
1984,229,8.3,377000,30000000,5475086,"1","1","0","0","0","0","0","0","0","0","0","0","0","0","0","0","0","0","0","0","0",-24524914,"0",3.30617767803088,-0.0489621661689943,-0.568651637350067,0.216352414964718,-0.817251337706375,-0.951914081444148
1963,143,8.4,53000,3000000,46808,"1","1","0","0","0","0","0","0","0","0","1","0","0","0","0","0","0","0","0","0","0",-2953192,"0",0.431240566699681,0.373125473218901,-1.1495450658413,-0.731201962465573,-0.847880521087883,-0.815926992885469
2009,170,8.4,433000,6600000,60262836,"1","0","0","0","0","0","0","0","0","0","0","0","0","0","1","0","0","0","0","0","0",53662836,"1",1.3338371016525,0.373125473218901,-0.468250304030594,-0.604861378808201,-0.50811019905979,-0.459022300090121
1952,103,8.3,260000,2540800,2010042,"0","0","0","0","0","0","0","1","0","0","0","0","0","0","1","0","1","0","0","1","0",-530758,"0",-0.905939485082274,-0.0489621661689943,-0.778418708749679,-0.747317405803202,-0.83680292811884,-0.800656086516216
2018,126,8.4,105000,4000000,64417003,"1","0","0","0","0","0","0","0","0","0","0","0","0","0","0","0","0","0","0","0","0",60417003,"1",-0.13706095530765,0.373125473218901,-1.05631525633036,-0.696107355894081,-0.484670216280645,-0.416444359118645
2000,102,8.3,897000,4500000,7390108,"1","0","0","0","0","0","0","0","0","0","0","0","0","0","0","0","0","0","0","0","0",2890108,"0",-0.939368986376823,-0.0489621661689943,0.363646457759321,-0.678560052608335,-0.806445782055463,-0.779091113275351
1985,142,8.4,97000,5000000,20929648,"1","0","0","0","0","0","0","0","0","0","0","0","1","1","0","0","0","0","0","0","0",15929648,"1",0.397811065405132,0.373125473218901,-1.07065830394743,-0.661012749322589,-0.730048616405277,-0.696890485956659
2023,180,8.3,712000,100000000,384580017,"1","0","0","1","1","0","0","0","0","0","0","0","0","0","0","0","0","0","0","0","0",284580017,"1",1.66813211459799,-0.0489621661689943,0.0319634816146349,2.67297487496918,1.32185694901603,0.996668401948755
2010,103,8.3,891000,30000000,180908413,"0","0","0","0","0","1","0","0","0","0","0","0","0","0","1","1","0","0","0","0","0",150908413,"1",-0.905939485082274,-0.0489621661689943,0.35288917204652,0.216352414964718,0.17263524214658,0.154009097748161
1983,131,8.3,1100000,32500000,475106177,"0","0","1","0","0","1","0","0","0","1","0","0","0","0","0","0","0","0","0","0","0",442606177,"1",0.0300865511650942,-0.0489621661689943,0.727601291042409,0.304088931393449,1.83265288751876,1.99285764518617
2004,108,8.3,1100000,20000000,73390334,"1","0","0","0","0","0","0","1","1","0","0","0","0","0","0","0","0","0","0","0","0",53390334,"1",-0.73879197860953,-0.0489621661689943,0.727601291042409,-0.134593650750205,-0.434037989865202,-0.460740139472922
2012,115,8.3,363000,2800000,15886373,"1","0","0","0","0","0","0","0","0","0","0","0","0","0","0","0","0","0","0","0","0",13086373,"1",-0.504785469547688,-0.0489621661689943,-0.593751970679935,-0.738220883779872,-0.758505411510165,-0.714814353565452
1968,149,8.3,718000,12000000,66602480,"0","0","0","0","0","1","0","0","1","0","0","0","0","0","0","0","0","0","0","0","0",54602480,"1",0.631817574466974,-0.0489621661689943,0.0427207673274356,-0.415350503322143,-0.472338612075948,-0.453098829917382
1992,99,8.3,1100000,1200000,2930208,"0","1","0","0","0","0","0","0","0","0","0","0","1","0","0","0","0","0","0","0","0",1730208,"1",-1.03965749026047,-0.0489621661689943,0.727601291042409,-0.794372254294259,-0.831610870314242,-0.78640306658252
1952,143,8.3,87000,3000000,96302,"1","0","0","0","0","0","0","0","0","0","0","0","0","0","0","0","0","0","0","0","0",-2903698,"0",0.431240566699681,-0.0489621661689943,-1.08858711346876,-0.731201962465573,-0.847601250055286,-0.815614985111536
1962,218,8.3,314000,15000000,74437981,"1","0","0","1","0","1","0","0","0","0","0","0","0","0","0","0","0","0","0","0","0",59437981,"1",2.93845316379085,-0.0489621661689943,-0.681603137334474,-0.310066683607666,-0.428126617588011,-0.422616066292272
1960,125,8.3,196000,3000000,18778738,"1","0","0","0","0","0","0","1","0","0","0","0","0","0","1","0","0","0","0","0","0",15778738,"1",-0.170490456602199,-0.0489621661689943,-0.893163089686219,-0.731201962465573,-0.742185175517968,-0.697841815272621
1959,136,8.3,345000,3101000,149561,"0","0","1","0","0","1","0","0","0","0","1","0","0","0","0","0","0","0","0","0","0",-2951439,"0",0.197234057637838,-0.0489621661689943,-0.626023827818337,-0.727657407201852,-0.847300734923652,-0.815915942058547
1941,119,8.3,465000,839727,1702325,"1","0","0","0","0","0","0","0","0","0","1","0","0","0","0","0","0","0","0","0","0",862598,"1",-0.371067464369492,-0.0489621661689943,-0.410878113562324,-0.80701589348759,-0.838539228364076,-0.791872437915248
2010,131,8.3,199000,6800000,6797861,"1","0","0","0","0","0","0","0","0","0","1","0","0","1","0","0","0","0","0","0","0",-2139,"0",0.0300865511650942,-0.0489621661689943,-0.887784446829819,-0.597842457493903,-0.809787549365492,-0.797323697995411
1958,128,8.3,426000,2479000,7804803,"0","0","0","0","0","0","0","1","0","0","1","0","1","0","0","0","0","0","0","0","0",5325803,"1",-0.0702019527185524,-0.0489621661689943,-0.480800470695529,-0.749486252489321,-0.804105855986387,-0.763736610205688
1931,117,8.3,168000,935000,972212,"0","1","0","0","0","0","0","0","0","0","1","0","1","0","0","0","0","0","0","0","0",37212,"0",-0.43792646695859,-0.0489621661689943,-0.943363756345956,-0.803672325035705,-0.842658907747892,-0.797075631201213
1944,107,8.3,167000,927262,19324,"1","1","0","0","0","0","0","0","0","0","0","0","0","0","0","0","0","0","1","0","0",-907938,"0",-0.772221479904079,-0.0489621661689943,-0.945156637298089,-0.803943887101355,-0.84803560018959,-0.803033810930733
1983,170,8.3,914000,50000000,66443303,"1","1","0","0","0","0","0","0","0","0","0","0","0","0","0","0","0","0","0","0","0",16443303,"0",1.3338371016525,-0.0489621661689943,0.39412543394559,0.918244546394563,-0.473236771957059,-0.693652429765614
2001,122,8.3,793000,10000000,174918249,"0","0","0","0","0","0","0","1","0","0","0","0","0","0","1","0","0","0","0","0","0",164918249,"1",-0.270778960485846,-0.0489621661689943,0.177186838737443,-0.485539716465127,0.138835604095377,0.242326423959975
1987,116,8.3,789000,30000000,41753783,"1","0","0","0","0","0","0","0","0","0","0","0","0","1","0","0","0","0","0","0","0",11753783,"0",-0.471355968253139,-0.0489621661689943,0.17001531492891,0.216352414964718,-0.612547956034478,-0.723214936251545
1995,170,8.3,718000,60000000,187436818,"1","1","1","0","0","0","0","0","0","0","0","0","0","0","0","0","0","0","0","0","0",127436818,"1",1.3338371016525,-0.0489621661689943,0.0427207673274356,1.26919061210949,0.209471917411508,0.00604530200304396
1971,136,8.3,880000,2200000,27023100,"0","1","0","0","0","0","0","0","1","0","0","0","0","0","0","0","0","0","0","0","0",24823100,"1",0.197234057637838,-0.0489621661689943,0.333167481573053,-0.759277647722767,-0.695666173440046,-0.640826596170004
2009,96,8.3,1100000,45000000,521320168,"0","0","0","0","0","1","0","0","0","0","0","0","0","0","1","1","0","0","0","0","0",476320168,"1",-1.13994599414412,-0.0489621661689943,0.727601291042409,0.742771513537102,2.09341639394388,2.20538900822634
1962,129,8.3,332000,2000000,599146,"1","1","0","0","0","0","0","0","0","0","0","0","0","0","0","0","0","0","0","0","0",-1400854,"0",-0.0367724514240036,-0.0489621661689943,-0.649331280196072,-0.766296569037065,-0.844763941227645,-0.806141129472293
1973,129,8.3,279000,5500000,156000000,"1","1","0","0","0","0","0","0","0","0","0","0","0","0","1","0","0","0","0","0","0",150500000,"1",-0.0367724514240036,-0.0489621661689943,-0.744353970659144,-0.643465446036842,0.0320889492855042,0.15143448201746
2011,123,8.3,258000,500000,22926076,"1","0","0","0","0","0","0","0","0","0","0","0","0","0","0","0","0","0","0","0","0",22426076,"1",-0.237349459191297,-0.0489621661689943,-0.782004470653946,-0.818938478894304,-0.718783725528285,-0.655937319132468
1989,127,8.2,810000,48000000,474171806,"0","0","1","0","0","1","0","0","0","0","0","0","0","0","0","0","0","0","0","0","0",426171806,"1",-0.103631454013101,-0.471049805556897,0.207665814923712,0.848055333251579,1.82738067767516,1.88925616800307
1988,132,8.2,943000,28000000,143651650,"0","0","1","0","0","0","0","0","0","0","0","0","1","0","0","0","0","0","0","0","0",115651650,"1",0.063516052459643,-0.471049805556897,0.446118981557459,0.146163201821734,-0.0375868994107201,-0.0682478251054413
1927,153,8.3,185000,10800,1349711,"1","0","0","0","0","0","0","0","1","0","0","0","0","0","0","0","0","0","0","0","0",1338911,"1",0.765535579645169,-0.0489621661689943,-0.912884780159687,-0.836106760429078,-0.840528860963749,-0.788869783879903
2007,162,8.3,206000,2000000,21897373,"1","0","0","0","0","0","0","0","0","0","0","1","0","0","0","0","0","0","0","0","0",19897373,"1",1.06640109129611,-0.0489621661689943,-0.875234280164885,-0.766296569037065,-0.724588205850057,-0.671878140120222
2020,160,8.3,113000,13000000,21897373,"1","0","0","1","1","0","0","0","0","0","0","0","0","0","0","0","0","0","0","0","0",8897373,"0",0.999542088707011,-0.0489621661689943,-1.04197220871329,-0.38025589675065,-0.724588205850057,-0.741221606262863
2000,104,8.2,909000,7560000,83557872,"0","1","0","0","0","0","0","0","0","0","0","0","0","0","1","0","0","0","0","0","0",75997872,"1",-0.872509983787725,-0.471049805556897,0.385161029184922,-0.571170556499568,-0.376667423003953,-0.318223317120969
1997,138,8.2,617000,35000000,126216940,"1","1","0","0","0","0","0","0","0","0","1","0","0","0","0","0","0","0","0","0","0",91216940,"1",0.264093060226936,-0.471049805556897,-0.138360208838042,0.391825447822179,-0.135962651314622,-0.222283051068192
2019,119,8.2,673000,95000000,384580017,"1","0","1","0","0","0","0","0","0","0","0","0","0","1","0","0","0","0","0","0","0",289580017,"1",-0.371067464369492,-0.471049805556897,-0.0379588755185692,2.49750184211172,1.32185694901603,1.02818815928632
1948,89,8.3,175000,133000,450159,"1","0","0","0","0","0","0","0","0","0","0","0","0","0","0","0","0","0","0","0","0",317159,"1",-1.37395250320596,-0.0489621661689943,-0.930813589681022,-0.831818199506041,-0.845604603799543,-0.795310858899737
1976,114,8.2,918000,1300000,28579636,"1","1","0","0","0","0","0","0","0","0","0","0","0","0","0","0","0","0","0","0","0",27279636,"1",-0.538214970842236,-0.471049805556897,0.401296957754123,-0.79086279363711,-0.686883383283772,-0.625340712447806
2004,156,8.2,375000,14580000,92181574,"1","0","0","1","1","0","0","0","0","0","0","0","0","0","0","0","0","0","0","0","0",77601574,"1",0.865824083528816,-0.471049805556897,-0.572237399254334,-0.324806418367693,-0.328007986257073,-0.308113657544616
2016,161,8.3,210000,8400000,303723636,"1","0","1","1","0","0","0","0","0","0","0","0","0","0","0","0","0","0","0","0","0",295323636,"1",1.03297159000156,-0.0489621661689943,-0.868062756356351,-0.541691086979515,0.865622960776279,1.0643956547102
1959,132,8.2,274000,600000,15000000,"1","0","0","0","0","0","1","0","0","0","0","0","0","0","0","0","0","0","0","0","0",14400000,"1",0.063516052459643,-0.471049805556897,-0.753318375419811,-0.815429018237155,-0.763506791535547,-0.706533312711037
2005,140,8.2,1600000,70000000,375325692,"1","1","1","0","0","0","0","0","0","0","0","0","0","0","0","0","0","0","0","0","0",305325692,"1",0.330952062816034,-0.471049805556897,1.62404176710913,1.62013667782441,1.26963920749706,1.12744813030955
2013,180,8.2,1600000,100000000,407039432,"0","1","0","1","0","0","0","0","0","0","0","0","0","0","1","0","0","0","0","0","0",307039432,"1",1.66813211459799,-0.471049805556897,1.62404176710913,2.67297487496918,1.44858471437299,1.13825146409749
1959,121,8.2,283000,2883848,200234,"0","0","0","0","0","0","0","1","0","0","0","0","0","0","1","0","1","0","0","0","0",-2683614,"0",-0.304208461780394,-0.471049805556897,-0.73718244685061,-0.735278271208065,-0.847014811356456,-0.81422758625676
2018,130,8.2,568000,23000000,321752656,"1","0","0","1","0","0","0","0","0","0","0","0","0","0","1","0","0","0","0","0","0",298752656,"1",-0.0033429501294547,-0.471049805556897,-0.22621137549258,-0.0293098310357278,0.967352120515127,1.08601203037133
1921,68,8.2,135000,250000,41979,"1","0","0","0","0","0","0","0","0","0","0","1","0","0","1","0","0","0","0","0","0",-208021,"0",-2.07597203039148,-0.471049805556897,-1.00252882776636,-0.827712130537177,-0.847907768831375,-0.798621568131445
2020,97,8.2,192000,6000000,24048935,"1","0","0","0","0","0","0","0","0","0","1","0","0","0","0","0","0","0","0","0","0",18048935,"1",-1.10651649284957,-0.471049805556897,-0.900334613494753,-0.625918142751096,-0.71244796781238,-0.683530603562928
1961,179,8.3,85000,3000000,12180,"1","0","0","0","0","0","0","0","0","0","0","0","0","1","0","0","0","0","0","0","0",-2987820,"0",1.63470261330344,-0.0489621661689943,-1.09217287537303,-0.731201962465573,-0.848075910373792,-0.816145286116886
1950,138,8.2,139000,1400000,152366,"1","0","0","0","0","0","0","0","0","0","0","0","0","0","0","0","0","0","0","0","0",-1247634,"0",0.264093060226936,-0.471049805556897,-0.995357303957826,-0.787353332979961,-0.84728490764668,-0.805175238028441
1998,103,8.2,1200000,60000000,264118712,"1","0","0","0","0","0","0","0","0","0","0","0","0","0","1","0","0","0","0","0","0",204118712,"1",-0.905939485082274,-0.471049805556897,0.906889386255753,1.26919061210949,0.642151266805063,0.489444240216008
2022,130,8.2,692000,40000000,122127446,"1","0","1","0","0","0","0","0","0","0","0","0","0","0","0","0","0","0","0","0","0",82127446,"1",-0.0033429501294547,-0.471049805556897,-0.00389413742803383,0.567298480679641,-0.159037715204787,-0.279582780108441
2010,138,8.2,1500000,80000000,294850027,"1","0","0","0","0","0","0","0","0","0","1","0","1","0","0","0","0","0","0","0","0",214850027,"1",0.264093060226936,-0.471049805556897,1.44475367189578,1.97108274353933,0.815553418037901,0.5570939291586
2007,158,8.2,640000,25000000,76186224,"1","0","0","0","0","0","0","0","0","0","0","0","0","0","0","0","0","0","0","0","0",51186224,"1",0.932683086117914,-0.471049805556897,-0.0971239469389727,0.0408793821072568,-0.418262116277939,-0.474634741941981
1995,178,8.2,563000,52000000,116112375,"1","1","0","0","0","0","0","0","0","0","0","0","0","0","0","0","0","0","0","0","0",64112375,"1",1.60127311200889,-0.471049805556897,-0.235175780253247,0.988433759537548,-0.192977891575966,-0.393148913376239
1985,160,8.2,136000,11500000,4166319,"1","0","1","0","0","0","0","0","0","0","0","0","0","1","0","0","0","0","0","0","0",-7333681,"0",0.999542088707011,-0.471049805556897,-1.00073594681423,-0.432897806607889,-0.824636085585291,-0.843541382945443
1993,127,8.2,1100000,63000000,264118712,"0","0","1","0","0","1","0","0","1","0","0","0","0","0","0","0","0","0","0","0","0",201118712,"1",-0.103631454013101,-0.471049805556897,0.727601291042409,1.37447443182396,0.642151266805063,0.470532385813469
1999,107,8.2,1000000,40000000,672806432,"1","0","0","0","0","0","0","0","0","0","1","0","1","0","0","0","0","0","0","0","0",632806432,"1",-0.772221479904079,-0.471049805556897,0.548313195829065,0.567298480679641,2.94818112040695,3.19187082181474
2006,118,8.2,702000,19000000,83863565,"1","0","0","0","0","0","0","0","0","1","0","0","0","1","0","0","0","0","0","0","0",64863565,"1",-0.404496965664041,-0.471049805556897,0.0140346720933006,-0.169688257321697,-0.374942543225238,-0.388413448073358
1992,130,8.2,435000,14400000,159167799,"1","0","0","0","0","0","1","0","0","0","0","0","0","0","0","0","0","0","0","0","0",144767799,"1",-0.0033429501294547,-0.471049805556897,-0.464664542126328,-0.331123447550561,0.0499633279534275,0.115298965111431
2007,122,8.2,1100000,25000000,171632777,"1","1","0","0","0","0","0","0","0","0","0","0","1","0","0","0","0","0","0","0","0",146632777,"1",-0.270778960485846,-0.471049805556897,0.727601291042409,0.0408793821072568,0.120297252820293,0.12705569591141
2001,135,8.2,985000,58000000,316791257,"1","0","0","1","0","0","0","0","0","0","1","0","0","0","0","0","0","0","0","0","0",258791257,"1",0.16380455634329,-0.471049805556897,0.521419981547064,1.1990013989665,0.939357312622121,0.834097310501419
1982,109,8.2,465000,15000000,19872469,"0","0","0","0","0","0","0","0","1","0","1","0","0","0","0","0","0","1","0","0","0",4872469,"0",-0.705362477314981,-0.471049805556897,-0.410878113562324,-0.310066683607666,-0.736013773211557,-0.766594405740261
1948,126,8.2,132000,3000000,5014000,"1","0","0","0","0","1","1","0","0","0","0","0","0","0","0","0","0","0","0","0","0",2014000,"0",-0.13706095530765,-0.471049805556897,-1.00790747062276,-0.731201962465573,-0.819853026059228,-0.784614055587651
2003,111,8.2,1200000,30000000,180908413,"0","1","1","0","0","0","0","0","0","0","0","0","1","0","0","0","0","0","0","0","0",150908413,"1",-0.638503474725883,-0.471049805556897,0.906889386255753,0.216352414964718,0.17263524214658,0.154009097748161
1961,110,8.2,131000,1209600,46808,"1","0","1","0","0","0","0","0","0","0","0","0","1","0","0","0","0","0","0","0","0",-1162792,"0",-0.671932976020432,-0.471049805556897,-1.00970035157489,-0.794035346071173,-0.847880521087883,-0.804640398178034
1975,91,8.2,569000,289264,2812669,"0","0","0","0","0","1","0","0","0","1","0","0","0","0","1","0","0","0","0","0","0",2523405,"1",-1.30709350061686,-0.471049805556897,-0.224418494540447,-0.826334175904754,-0.832274086823322,-0.781402791190343
1963,172,8.2,258000,4000000,230637,"1","0","0","0","0","1","0","0","0","0","0","0","1","0","0","0","0","0","0","0","0",-3769363,"0",1.4006961042416,-0.471049805556897,-0.782004470653946,-0.696107355894081,-0.846843261730157,-0.821072095258661
2003,100,8.2,1100000,94000000,294850027,"0","0","0","0","0","1","0","0","0","0","0","0","0","0","1","1","0","0","0","0","0",200850027,"1",-1.00622798896592,-0.471049805556897,0.727601291042409,2.46240723554022,0.815553418037901,0.46883860861342
1950,88,8.2,180000,250000,117668,"1","1","0","0","0","0","0","0","0","0","1","0","0","0","0","0","0","0","0","0","0",-132332,"0",-1.40738200450051,-0.471049805556897,-0.921849184920355,-0.827712130537177,-0.847480691909198,-0.798144428348821
2013,153,8.2,807000,46000000,122127446,"1","1","0","0","0","0","0","0","0","0","1","0","0","0","0","0","0","0","0","0","0",76127446,"1",0.765535579645169,-0.471049805556897,0.202287172067312,0.777866120108594,-0.159037715204787,-0.317406488913518
2004,119,8.2,448000,24000000,237728734,"0","0","0","0","0","1","0","0","0","0","0","1","0","0","0","1","0","0","0","0","0",213728734,"1",-0.371067464369492,-0.471049805556897,-0.441357089748593,0.00578477553576449,0.493245209378388,0.550025352505738
1980,124,8.2,258000,5000000,26028672,"1","0","0","1","0","0","0","0","0","0","0","0","0","0","0","0","0","0","0","0","0",21028672,"1",-0.203919957896748,-0.471049805556897,-0.782004470653946,-0.661012749322589,-0.701277256286523,-0.664746486128976
1974,130,8.1,349000,6000000,29229859,"1","0","0","0","0","0","0","0","0","0","1","0","1","0","0","0","0","0","0","0","0",23229859,"1",-0.0033429501294547,-0.893137444944792,-0.618852304009803,-0.625918142751096,-0.683214485061192,-0.650870310110056
1954,105,8.2,188000,1400000,43308,"0","1","0","0","0","0","0","0","0","0","0","0","1","0","0","0","0","0","0","0","0",-1356692,"0",-0.839080482493176,-0.471049805556897,-0.907506137303287,-0.787353332979961,-0.847900269918329,-0.805862734367585
1939,238,8.2,334000,3977000,402382193,"1","0","0","0","0","0","0","1","0","0","0","0","0","1","0","0","0","0","0","0","0",398405193,"1",3.60704318968182,-0.471049805556897,-0.645745518291805,-0.696914531845225,1.42230613627097,1.71421678723386
2005,132,8.2,1200000,54000000,134686457,"1","0","1","0","0","0","0","0","1","0","0","0","0","0","0","0","0","0","0","0","0",80686457,"1",0.063516052459643,-0.471049805556897,0.906889386255753,1.05862297268053,-0.0881732069741151,-0.288666704829661
1998,107,8.1,615000,1209600,3753929,"0","1","1","0","0","0","0","0","0","0","0","0","0","0","1","0","0","0","0","0","0",2544329,"1",-0.772221479904079,-0.893137444944792,-0.141945970742309,-0.794035346071173,-0.826963005638888,-0.781270887309837
2009,129,8.2,222000,2000000,35079650,"1","0","0","0","0","0","0","1","0","0","1","0","0","0","0","0","0","0","0","0","0",33079650,"1",-0.0367724514240036,-0.471049805556897,-0.84654818493075,-0.766296569037065,-0.650206904888898,-0.588777705680911
2015,95,8.1,783000,40000000,494879860,"0","0","0","0","0","1","0","0","0","0","0","0","0","0","1","1","0","0","0","0","0",454879860,"1",-1.17337549543866,-0.893137444944792,0.159258029216109,0.567298480679641,1.94422634833539,2.07023034714581
1980,129,8.1,379000,18000000,23406933,"1","0","0","1","0","0","0","0","0","0","0","0","0","0","0","0","0","0","0","0","1",5406933,"0",-0.0367724514240036,-0.893137444944792,-0.5650658754458,-0.204782863893189,-0.716070478853505,-0.763225170623128
2017,115,8.1,554000,15000000,162729321,"1","1","0","0","0","0","0","0","0","0","0","0","0","0","1","0","0","0","0","0","0",147729321,"1",-0.504785469547688,-0.893137444944792,-0.251311708822448,-0.310066683607666,0.0700592976983954,0.133968256069403
1996,93,8.1,725000,1890000,16787952,"1","0","0","0","0","0","0","0","0","0","0","0","0","0","0","0","0","0","0","0","0",14897952,"1",-1.24023449802776,-0.893137444944792,0.0552709339923697,-0.770156975759929,-0.753418231280281,-0.703394247469886
1957,161,8.1,233000,3000000,27200463,"1","0","0","0","0","1","0","0","0","0","0","0","0","1","0","0","0","0","0","0","0",24200463,"1",1.03297159000156,-0.893137444944792,-0.826826494457282,-0.731201962465573,-0.694665398635938,-0.644751669599882
2021,148,8.2,876000,25000000,187734091,"0","0","1","0","0","1","0","0","0","1","0","0","0","0","0","0","0","0","0","0","0",162734091,"1",0.598388073172425,-0.471049805556897,0.325995957764519,0.0408793821072568,0.211149287146693,0.228557597930595
1996,98,8.1,725000,7000000,60611975,"0","1","0","0","0","0","0","0","0","0","0","0","1","0","0","0","0","0","0","0","0",53611975,"1",-1.07308699155502,-0.893137444944792,0.0552709339923697,-0.590823536179604,-0.506140174227488,-0.459342925365711
2019,96,8.2,189000,40000000,24048935,"0","0","0","0","0","1","0","0","0","0","0","0","0","0","1","1","0","0","0","0","0",-15951065,"0",-1.13994599414412,-0.471049805556897,-0.905713256351154,0.567298480679641,-0.71244796781238,-0.897864953458365
2002,141,8.1,1100000,52000000,352114312,"1","1","0","1","0","0","0","0","0","0","0","0","0","0","0","0","0","0","0","0","0",300114312,"1",0.364381564110583,-0.893137444944792,0.727601291042409,0.988433759537548,1.13866846234402,1.09459584371078
2011,140,8.1,497000,25000000,23308615,"1","0","1","0","0","0","0","0","0","0","0","0","0","0","0","0","0","0","0","0","1",-1691385,"0",0.330952062816034,-0.893137444944792,-0.353505923094054,0.0408793821072568,-0.716625240428299,-0.807972622796101
2023,124,8.3,48000,15000000,114809252,"1","0","1","0","0","1","0","0","0","0","0","0","0","0","0","0","0","0","0","0","0",99809252,"1",-0.203919957896748,-0.0489621661689943,-1.15850947060197,-0.310066683607666,-0.200330793055157,-0.168117533226464
2008,116,8.1,814000,33000000,269958228,"1","0","0","0","0","0","0","0","0","0","0","0","0","0","0","0","0","0","0","0","0",236958228,"1",-0.471355968253139,-0.893137444944792,0.214837338732246,0.321636234679195,0.67510087005369,0.696462955296619
1988,86,8.1,379000,3700000,15854926,"0","0","0","0","0","0","0","0","0","0","0","1","0","0","1","1","0","0","0","0","0",12154926,"1",-1.4742410070896,-0.893137444944792,-0.5650658754458,-0.706635737865528,-0.75868285193046,-0.720686150248012
2004,132,8.1,721000,30000000,216763646,"1","0","0","0","0","0","0","0","0","0","0","0","0","0","0","0","0","0","0","0","1",186763646,"1",0.063516052459643,-0.893137444944792,0.0480994101838359,0.216352414964718,0.374949218465349,0.380038746436525
2011,130,8.1,946000,63000000,352114312,"0","0","0","0","0","1","0","0","0","1","0","1","0","0","0","0","0","0","0","0","0",289114312,"1",-0.0033429501294547,-0.893137444944792,0.45149762441386,1.37447443182396,1.13866846234402,1.02525237756814
1997,89,8.2,81000,180000,933933,"1","0","0","0","0","0","0","0","0","0","0","1","0","0","0","0","0","0","0","0","1",753933,"1",-1.37395250320596,-0.471049805556897,-1.09934439918157,-0.830168752997181,-0.842874897885217,-0.792557456801466
2013,134,8.1,740000,20000000,187734091,"1","0","0","1","1","0","0","0","0","0","0","0","0","0","0","0","0","0","0","0","0",167734091,"1",0.130375055048741,-0.893137444944792,0.0821641482743712,-0.134593650750205,0.211149287146693,0.260077355268159
1982,117,8.1,822000,28000000,41753783,"1","0","1","0","0","0","0","0","1","0","0","0","0","0","0","0","0","0","0","0","0",13753783,"0",-0.43792646695859,-0.893137444944792,0.229180386349313,0.146163201821734,-0.612547956034478,-0.710607033316519
1995,101,8.1,339000,2500000,5992863,"1","0","0","0","0","0","0","1","0","0","0","0","0","0","0","0","0","0","0","0","0",3492863,"1",-0.972798487671372,-0.893137444944792,-0.636781113531138,-0.748749265751319,-0.814329769083006,-0.775291375008551
1959,212,8.1,253000,15000000,74437981,"1","0","0","0","0","1","0","0","0","0","0","0","0","0","0","0","0","0","0","0","0",59437981,"1",2.73787615602355,-0.893137444944792,-0.790968875414613,-0.310066683607666,-0.428126617588011,-0.422616066292272
2014,99,8.1,885000,25000000,269958228,"0","1","0","0","0","1","0","0","0","0","0","0","0","0","1","0","0","0","0","0","0",244958228,"1",-1.03965749026047,-0.893137444944792,0.34213188633372,0.0408793821072568,0.67510087005369,0.746894567036721
1975,185,8.1,183000,11000000,260131,"1","0","0","0","0","1","0","0","0","0","0","0","0","1","0","0","0","0","0","0","0",-10739869,"0",1.83527962107073,-0.893137444944792,-0.916470542063954,-0.450445109893635,-0.846676841157251,-0.865013826786668
2014,149,8.1,1100000,61000000,369330536,"1","0","0","0","0","0","0","0","0","0","1","0","1","0","0","0","0","0","0","0","0",308330536,"1",0.631817574466974,-0.893137444944792,0.727601291042409,1.30428521868098,1.23581140197112,1.146390521053
2016,139,8.1,592000,40000000,180563636,"1","0","0","1","1","0","0","0","0","0","0","0","0","0","0","0","0","0","0","0","0",140563636,"1",0.297522561521485,-0.893137444944792,-0.183182232641378,0.567298480679641,0.170689829999537,0.0887961255979178
1925,95,8.1,118000,923000,31490,"1","0","0","0","0","1","0","0","0","0","0","0","0","0","1","0","0","0","0","0","0",-891510,"0",-1.17337549543866,-0.893137444944792,-1.03300780395263,-0.804093460314563,-0.84796695325496,-0.802930249616024
1993,133,8.1,187000,13000000,65796862,"1","1","0","1","0","0","0","0","0","0","0","0","0","0","0","0","0","0","0","0","0",52796862,"1",0.0969455537541919,-0.893137444944792,-0.90929901825542,-0.38025589675065,-0.476884330157712,-0.464481358158249
2003,131,8.1,215000,2800000,1208481,"1","1","0","0","0","0","0","0","0","0","1","0","0","0","0","0","0","0","0","0","0",-1591519,"0",0.0300865511650942,-0.893137444944792,-0.859098351595684,-0.738220883779872,-0.841325754484856,-0.807343072378847
1989,128,8.1,544000,16400000,235860116,"1","0","0","0","0","0","0","0","0","0","0","0","0","0","1","0","0","0","0","0","0",219460116,"1",-0.0702019527185524,-0.893137444944792,-0.269240518343783,-0.260934234407577,0.482701489364051,0.586155706475515
1954,108,8.1,165000,910000,311212,"1","1","0","0","0","0","0","0","0","0","0","0","1","0","0","0","0","0","0","0","0",-598788,"0",-0.73879197860953,-0.893137444944792,-0.948742399202356,-0.804549690199992,-0.846388615440677,-0.801084944334551
1926,78,8.1,98000,750000,612,"0","0","1","0","0","1","0","0","0","0","0","0","0","0","1","0","0","0","0","0","0",-749388,"0",-1.741677017446,-0.893137444944792,-1.0688654229953,-0.810164827251431,-0.848141183079677,-0.802034319425558
1978,183,8.1,362000,15000000,49080126,"1","0","0","0","0","0","0","0","0","0","0","0","0","1","0","0","0","0","0","0","0",34080126,"1",1.76842061848164,-0.893137444944792,-0.595544851632069,-0.310066683607666,-0.571208897264307,-0.5824707535325
2014,122,8.1,216000,3300000,31478893,"1","0","0","0","0","0","0","0","0","0","0","0","1","0","1","0","0","0","0","0","0",28178893,"1",-0.270778960485846,-0.893137444944792,-0.857305470643551,-0.720673580494125,-0.670524259023165,-0.619671839962985
2015,120,8.1,1100000,61000000,380418444,"0","0","1","0","0","1","0","0","1","0","0","0","0","0","0","0","0","0","0","0","0",319418444,"1",-0.337637963074943,-0.893137444944792,0.727601291042409,1.30428521868098,1.29837517771166,1.21628815496124
2001,92,8.1,977000,40000000,579723768,"0","0","0","0","0","1","0","0","0","0","0","0","0","0","1","1","0","0","0","0","0",539723768,"1",-1.27366399932231,-0.893137444944792,0.507076933929996,0.567298480679641,2.42296004932414,2.60508222549193
1924,45,8.2,57000,325000,399,"0","0","1","0","0","0","0","1","0","0","0","0","0","0","1","0","0","0","0","0","0",-324601,"0",-2.84485056016611,-0.471049805556897,-1.14237354203277,-0.825080035044315,-0.848142384937073,-0.799356482793528
1949,104,8.1,182000,1400000,1233079,"0","0","0","0","0","0","0","0","0","0","1","0","1","0","0","0","0","0","1","0","0",-166921,"0",-0.872509983787725,-0.893137444944792,-0.918263423016088,-0.787353332979961,-0.841186959704482,-0.798362475726131
1957,91,8.1,115000,800000,60418,"1","0","0","0","0","0","0","1","0","0","0","0","0","0","0","0","0","0","0","0","0",-739582,"0",-1.30709350061686,-0.893137444944792,-1.03838644680903,-0.808410096922856,-0.847803726350063,-0.801972502877468
1953,131,8.2,66000,1400000,1098,"1","0","0","0","0","1","0","0","0","0","0","0","1","0","0","0","0","0","0","0","0",-1398902,"0",0.0300865511650942,-0.471049805556897,-1.12623761346357,-0.787353332979961,-0.848138440813507,-0.806128824159029
1975,124,8.1,658000,7000000,477220580,"0","0","0","0","0","1","0","0","0","0","1","0","1","0","0","0","0","0","0","0","0",470220580,"1",-0.203919957896748,-0.893137444944792,-0.0648520898005708,-0.590823536179604,1.84458345504485,2.16693750150251
2010,98,8.1,798000,48000000,494879860,"0","0","1","0","0","1","0","0","0","0","0","0","0","0","0","1","0","0","0","0","0",446879860,"1",-1.07308699155502,-0.893137444944792,0.186151243498111,0.848055333251579,1.94422634833539,2.01979873540571
2009,92,8.1,187000,5438400,1740625,"1","0","0","0","0","0","0","0","0","0","0","0","0","0","1","1","0","0","0","0","0",-3697775,"0",-1.27366399932231,-0.893137444944792,-0.90929901825542,-0.645627273801646,-0.838323119733767,-0.820620807981004
1939,129,8.1,121000,1900000,145941,"1","0","0","0","0","0","0","0","0","0","0","0","0","0","1","0","0","0","0","0","0",-1754059,"0",-0.0367724514240036,-0.893137444944792,-1.02762916109623,-0.769806029694215,-0.847321160856856,-0.808367716650376
2007,111,8.1,822000,40000000,623728318,"0","0","0","0","0","1","0","0","0","0","0","0","0","0","1","1","0","0","0","0","0",583728318,"1",-0.638503474725883,-0.893137444944792,0.229180386349313,0.567298480679641,2.67125673412376,2.88248477304168
2019,152,8.1,471000,97600000,225508210,"1","0","1","1","0","0","0","0","0","0","0","0","0","0","0","0","0","0","0","0","0",127908210,"1",0.73210607835062,-0.893137444944792,-0.400120827849524,2.5887478191976,0.424290621825186,0.00901693429321777
1998,117,8.1,859000,15000000,48066229,"0","1","0","0","0","0","0","0","0","0","0","0","0","0","1","0","0","0","0","0","0",33066229,"1",-0.43792646695859,-0.893137444944792,0.29551698157825,-0.310066683607666,-0.57692983439077,-0.588862311013557
1953,136,8.1,68000,1288000,88647,"1","0","0","0","0","0","0","0","0","0","0","0","0","0","0","0","0","0","0","0","0",-1199353,"0",0.197234057637838,-0.893137444944792,-1.1226518515593,-0.791283928915968,-0.847644443568733,-0.804870876947638
1957,96,8.1,198000,150000,311212,"1","0","0","0","0","0","0","0","0","1","0","0","0","0","0","0","0","0","0","0","0",161212,"1",-1.13994599414412,-0.893137444944792,-0.889577327781953,-0.831221591194326,-0.846388615440677,-0.796293941219241
2015,118,8.1,449000,13000000,33882243,"1","0","0","0","0","0","0","0","0","0","0","0","1","0","0","0","0","0","0","0","0",20882243,"1",-0.404496965664041,-0.893137444944792,-0.439564208796459,-0.38025589675065,-0.656963301408255,-0.665669567438412
1976,120,8.1,627000,960000,117251948,"1","0","0","0","0","0","0","0","0","0","0","0","0","0","0","0","0","0","0","0","1",116291948,"1",-0.337637963074943,-0.893137444944792,-0.120431399316707,-0.802794959871417,-0.186547824730897,-0.0642114175886958
2017,137,8.1,829000,97000000,619180476,"1","0","1","0","0","0","0","0","1","0","0","0","0","0","0","0","0","0","0","0","0",522180476,"1",0.230663558932387,-0.893137444944792,0.241730553014247,2.5676910552547,2.64559543110867,2.49449016414353
2015,129,8.1,501000,20000000,98690254,"1","1","0","1","0","0","0","0","0","0","0","0","0","0","0","0","0","0","0","0","0",78690254,"1",-0.0367724514240036,-0.893137444944792,-0.346334399285521,-0.134593650750205,-0.291282609758015,-0.301250671660964
2004,121,8.1,372000,17500000,33882243,"1","0","0","1","1","0","0","0","0","0","0","0","0","0","0","0","0","0","0","0","0",16382243,"0",-0.304208461780394,-0.893137444944792,-0.577616042110734,-0.222330167178935,-0.656963301408255,-0.69403734904222
1986,120,8.1,439000,6000000,138545632,"1","0","0","0","0","0","0","0","0","0","0","0","0","1","0","0","0","0","0","0","0",132545632,"1",-0.337637963074943,-0.893137444944792,-0.457493018317794,-0.625918142751096,-0.0663977233352281,0.0382510175155941
1984,107,8.1,922000,6400000,78371200,"0","0","1","0","0","1","0","0","1","0","0","0","0","0","0","0","0","0","0","0","0",71971200,"1",-0.772221479904079,-0.893137444944792,0.408468481562657,-0.611880300122499,-0.405933338977256,-0.343607261984562
1928,110,8.1,61000,923000,22731,"1","0","0","1","1","0","0","0","0","0","0","0","0","0","0","0","0","0","0","0","0",-900269,"0",-0.671932976020432,-0.893137444944792,-1.13520201822423,-0.804093460314563,-0.848016376113782,-0.802985465926928
2004,80,8.1,287000,2700000,15854926,"1","0","0","0","0","0","0","1","0","0","0","0","0","0","0","0","0","0","0","0","0",13154926,"1",-1.6748180148569,-0.893137444944792,-0.730010923042076,-0.741730344437021,-0.75868285193046,-0.714382198780499
1995,98,8.1,196000,2797200,414607,"1","1","0","0","0","0","0","0","0","0","0","0","0","0","0","0","0","0","0","0","0",-2382593,"0",-1.07308699155502,-0.893137444944792,-0.893163089686219,-0.738319148678272,-0.84580520677669,-0.812329964482058
1946,170,8.1,70000,2100000,23661347,"1","0","0","0","0","0","0","1","0","0","0","0","0","1","0","0","0","0","0","0","0",21561347,"1",1.3338371016525,-0.893137444944792,-1.11906608965503,-0.762787108379916,-0.714634942010914,-0.661388528781019
2003,143,8.1,1200000,52000000,654264546,"0","0","1","0","0","1","0","0","0","1","0","0","0","0","0","0","0","0","0","0","0",602264546,"1",0.431240566699681,-0.893137444944792,0.906889386255753,0.988433759537548,2.84355810247511,2.99933625474443
1973,122,8.1,454000,11000000,441306145,"0","0","0","0","0","0","0","0","0","0","0","0","0","0","0","0","0","1","0","0","0",430306145,"1",-0.270778960485846,-0.893137444944792,-0.430599804035792,-0.450445109893635,1.64193543008035,1.91531884040932
2013,123,8.1,512000,38000000,96992516,"1","0","1","1","0","0","0","0","0","0","0","0","0","0","0","0","0","0","0","0","0",58992516,"1",-0.237349459191297,-0.893137444944792,-0.326612708812053,0.497109267536656,-0.300862135444753,-0.425424256032748
2021,164,8.7,217000,25000000,60262836,"1","1","0","0","0","0","0","0","0","0","1","0","0","0","0","0","0","0","0","0","0",35262836,"1",1.13326009388521,1.63938839138259,-0.855512589691417,0.0408793821072568,-0.50811019905979,-0.575015007092358
1976,121,8.1,170000,3800000,23692346,"1","0","0","0","0","0","0","0","0","0","0","0","0","0","0","0","0","0","0","0","0",19892346,"1",-0.304208461780394,-0.893137444944792,-0.939777994441689,-0.703126277208379,-0.714460029440916,-0.671909830084249
1939,102,8.1,428000,2777000,25637669,"0","0","0","0","0","1","0","0","0","1","0","1","0","0","0","0","0","0","0","0","0",22860669,"1",-0.939368986376823,-0.893137444944792,-0.477214708791262,-0.739028059731016,-0.703483499701049,-0.653197665952347
1986,89,8.1,441000,8000000,52290509,"1","0","0","0","0","1","0","0","0","0","0","0","0","0","1","0","0","0","0","0","0",44290509,"1",-1.37395250320596,-0.893137444944792,-0.453907256413527,-0.555728929608112,-0.55309423739761,-0.518104994635782
2004,115,8,807000,92000000,384298736,"0","0","1","0","0","1","0","0","0","0","0","0","0","0","0","1","0","0","0","0","0",292298736,"1",-0.504785469547688,-1.31522508433269,0.202287172067312,2.39221802239724,1.32026981450841,1.04532683191612
2009,93,8.1,311000,16000000,46749646,"1","0","0","1","0","0","0","0","0","0","0","1","0","0","0","0","0","0","0","0","0",30749646,"1",-1.24023449802776,-0.893137444944792,-0.686981780190874,-0.274972077036174,-0.584358684229333,-0.603465937816022
2016,145,8.1,172000,7300000,37863670,"1","0","0","0","0","0","0","1","0","0","0","0","1","0","0","0","0","0","0","0","0",30563670,"1",0.498099569288778,-0.893137444944792,-0.936192232537422,-0.580295154208156,-0.634498008049461,-0.604638321494144
2007,148,8.1,657000,15000000,56676733,"1","0","0","1","0","1","0","0","0","0","0","0","0","0","0","0","0","0","0","0","0",41676733,"1",0.598388073172425,-0.893137444944792,-0.0666449707527042,-0.310066683607666,-0.528344867662241,-0.534582111686731
2005,112,8.2,92000,2000000,18612999,"1","0","0","0","0","0","0","0","0","0","0","1","0","0","0","0","0","0","0","0","0",16612999,"1",-0.605073973431334,-0.471049805556897,-1.0796227087081,-0.766296569037065,-0.743120361634903,-0.692582674417383
1965,172,8.1,260000,8200000,159468844,"1","0","0","1","0","0","0","0","0","0","0","1","0","0","0","0","0","0","0","0","0",151268844,"1",1.4006961042416,-0.893137444944792,-0.778418708749679,-0.548710008293813,0.0516619812853103,0.156281237279548
1966,121,8.1,66000,800000,962002,"1","0","0","0","0","0","0","0","0","0","0","0","0","1","0","0","0","0","0","0","0",162002,"0",-0.304208461780394,-0.893137444944792,-1.12623761346357,-0.808410096922856,-0.842716517907564,-0.796288961097582
1940,129,8.1,100000,800000,112282,"1","0","0","0","0","0","0","0","0","0","0","0","0","0","0","0","0","0","0","0","0",-687718,"0",-0.0367724514240036,-0.893137444944792,-1.06527966109103,-0.808410096922856,-0.847511082537993,-0.801645554738557
1942,99,8.1,43000,1900000,4578000,"0","0","0","0","0","0","0","1","0","0","0","0","0","1","1","0","0","0","0","0","0",2678000,"1",-1.03965749026047,-0.893137444944792,-1.16747387536264,-0.769806029694215,-0.82231316608049,-0.780428231813223
1993,101,8,684000,14600000,71108778,"1","0","0","0","0","0","0","0","0","1","0","0","0","0","1","0","0","0","0","0","0",56508778,"1",-0.972798487671372,-1.31522508433269,-0.0182371850451013,-0.324104526236263,-0.446911722035732,-0.441081619842765
2000,154,8.1,253000,2000000,20908467,"1","0","0","0","0","0","0","0","0","0","0","0","1","0","0","0","0","0","0","0","0",18908467,"1",0.798965080939718,-0.893137444944792,-0.790968875414613,-0.766296569037065,-0.730168130684613,-0.678112155550154
1940,130,8.1,146000,1288000,112282,"1","0","0","0","0","0","0","1","0","0","1","0","0","0","0","0","0","0","0","0","0",-1175718,"0",-0.0033429501294547,-0.893137444944792,-0.982807137292891,-0.791283928915968,-0.847511082537993,-0.804721883054703
1967,127,8.1,188000,3200000,126,"1","1","0","0","0","0","0","0","0","0","0","0","0","0","0","0","0","0","0","0","0",-3199874,"0",-0.103631454013101,-0.893137444944792,-0.907506137303287,-0.724183041151275,-0.848143925345848,-0.817482064241378
1999,86,8.1,227000,70000000,23336145,"0","0","1","0","0","1","0","0","0","0","0","0","0","0","0","1","0","0","0","0","0",-46663855,"0",-1.4742410070896,-0.893137444944792,-0.837583780170083,1.62013667782441,-0.716469901770535,-1.09147689105028
2011,146,8.1,492000,25000000,216639112,"1","0","0","0","0","0","0","0","0","0","0","0","0","0","0","0","0","0","0","0","0",191639112,"1",0.531529070583327,-0.893137444944792,-0.362470327854722,0.0408793821072568,0.374246532507991,0.410773447482034
1934,105,8.1,112000,325000,14729,"0","0","0","0","0","0","0","1","0","0","0","0","0","0","1","0","0","0","0","0","0",-310271,"0",-0.839080482493176,-0.893137444944792,-1.04376508966543,-0.825080035044315,-0.848061527582704,-0.799266147168999
1990,181,8,290000,22000000,424208848,"1","0","0","0","0","1","1","0","0","0","0","0","0","0","0","0","0","0","0","0","0",402208848,"1",1.70156161589254,-1.31522508433269,-0.724632280185676,-0.06440443760722,1.54546353878423,1.73819484375302
1992,90,8,465000,28000000,46749646,"0","0","0","0","0","1","0","0","0","0","0","0","0","0","1","1","0","0","0","0","0",18749646,"0",-1.34052300191141,-1.31522508433269,-0.410878113562324,0.146163201821734,-0.584358684229333,-0.679113355426176
2015,163,8.2,94000,9400000,92181574,"1","1","0","0","0","0","0","0","0","0","1","0","0","0","0","0","0","0","0","0","0",82781574,"1",1.09983059259066,-0.471049805556897,-1.07603694680383,-0.506596480408023,-0.328007986257073,-0.2754591889429
